department,course,max_enrollment,enrollment
ACC,211-01,120,114
ACC,211-02,60,59
ACC,212-01,120,78
ACC,212-02,75,74
ACC,308-01,31,31
ACC,310-01,40,27
ACC,311-01,30,25
ACC,408-01,35,6
ACC,413-01,20,7
ACC,415-01,30,2
ACC,431-01,25,14
ACC,440-01,15,4
ACC,490-01,30,3
ACC,495-01,3,3
ACC,513-01,30,3
ACC,515-01,25,6
ACC,540-01,20,7
ACC,590-01,10,2
ACC,595-01,1,1
ACC,602-01,38,19
ACC,603-01,30,5
ACC,613-01,1,1
AES,100-01,0,0
AES,100-02,100,27
AES,103-01,75,74
AES,103L-01,25,25
AES,103L-02,25,24
AES,103L-03,25,25
AES,104-01,80,78
AES,104L-01,27,27
AES,104L-02,26,24
AES,104L-03,27,27
AES,105-01,70,70
AES,110-01,70,68
AES,212-01,28,27
AES,212L-01,14,13
AES,212L-02,14,14
AES,301-01,25,14
AES,303-01,45,23
AES,305-01,35,33
AES,313-01,28,10
AES,352-01,28,8
AES,370-01,30,6
AES,407-01,20,20
AES,408-01,20,18
AES,415-01,18,8
AES,461-01,0,0
AES,471-01,15,9
AES,472-01,16,10
AES,490-01,16,6
AES,497-01,15,4
AES,498-01,25,17
AES,499-01,2,2
AES,499-02,1,1
AES,507-01,10,3
AES,508-01,8,3
AES,515-01,1,1
AES,561-01,20,13
AES,571-01,10,6
AES,572-01,12,6
AES,603-01,28,1
AES,610-01,16,6
AES,624-01,16,2
AES,670-01,0,0
AES,671-01,16,13
AES,690-01,16,12
AES,690-02,20,4
AES,699-01,3,3
AES,699-02,2,1
AES,699-03,5,4
AES,699-04,1,1
AES,699-05,1,1
AES,699-06,2,2
AES,699-07,4,1
AES,699-08,4,3
AES,699-09,1,1
AES,699-10,2,1
AES,699-11,1,1
AES,699-12,1,1
AES,699-13,1,1
AES,780-01,15,6
AES,781-01,15,10
AES,782-01,20,7
AES,799-01,2,2
AES,799-02,1,1
AES,799-03,1,0
AES,799-04,1,1
AES,799-05,1,1
AES,799-06,1,1
AES,799-07,1,1
AES,799-08,1,0
AES,799-09,1,1
AES,799-10,1,1
AHS,300-01,50,9
ARH,100-01,35,35
ARH,100-02,35,35
ARH,100-03,35,35
ARH,101-01,35,33
ARH,101-02,35,35
ARH,101-03,35,35
ARH,103-W01,35,35
ARH,103-W02,35,35
ARH,303-01,14,14
ARH,309-W01,20,20
ARH,309-W02,20,19
ARH,320-01,14,8
ARH,320-03,14,8
ARH,320-W02,14,6
ARH,400-01,1,1
ARH,400-02,1,0
ARH,400-03,1,1
ARS,123-01,18,14
ARS,123-02,18,18
ARS,123-03,18,12
ARS,123-04,18,18
ARS,140-01,18,17
ARS,140-02,18,17
ARS,140-03,18,13
ARS,160-01,20,19
ARS,160-02,20,17
ARS,160-03,20,20
ARS,160-04,20,16
ARS,160-05,20,8
ARS,160-06,20,19
ARS,160-07,20,20
ARS,160-H01,20,10
ARS,210-01,18,18
ARS,210-02,18,18
ARS,220-01,20,20
ARS,220-02,20,21
ARS,230-01,20,19
ARS,230-02,0,0
ARS,240-01,18,15
ARS,250-01,20,14
ARS,250-02,20,16
ARS,260-01,18,0
ARS,260-02,18,17
ARS,260-03,18,18
ARS,270-01,18,18
ARS,280-01,18,18
ARS,311-01,20,20
ARS,325-01,17,19
ARS,327-01,17,20
ARS,328-01,13,17
ARS,330-01,14,11
ARS,332-01,20,19
ARS,333-01,14,14
ARS,334-01,14,13
ARS,348-01,8,12
ARS,353-01,10,10
ARS,355-01,14,9
ARS,375-01,10,9
ARS,376-01,10,4
ARS,383-01,10,5
ARS,385-02,1,0
ARS,390-01,5,6
ARS,390-02,12,15
ARS,390-03,1,1
ARS,390-04,1,1
ARS,395-01,4,5
ARS,395-02,19,20
ARS,395-03,16,8
ARS,395-04,16,8
ARS,425-01,17,17
ARS,426-01,2,3
ARS,430-01,6,6
ARS,432-01,18,7
ARS,433-01,6,3
ARS,434-01,6,6
ARS,448-01,1,0
ARS,453-01,10,2
ARS,455-01,6,0
ARS,460-01,16,12
ARS,475-01,6,0
ARS,476-01,6,3
ARS,490-02,6,1
ARS,492-01,1,2
ARS,492-02,1,2
ARS,494-01,15,19
ARS,494-02,20,2
ARS,494-03,1,0
ARS,495-01,1,3
ARS,495-02,1,1
ARS,495-03,5,3
AST,100-01,66,40
AST,100L-01,24,24
AST,100L-02,0,0
AST,100L-03,24,16
AST,107-01,66,37
AST,107L-01,24,19
AST,107L-02,24,17
AST,107L-03,0,0
AST,371-01,66,39
BLS,211-01,60,51
BLS,211-02,90,92
BLS,406-01,20,6
BLS,506-01,20,9
BSE,601-01,5,1
BSE,620-01,5,1
BSE,621-01,5,0
BSE,702-01,3,0
BSE,702-02,3,0
BSE,702-03,3,0
BSE,702-04,3,0
BSE,702-05,3,0
BSE,702-06,3,0
BSE,702-07,3,0
BSE,702-08,3,0
BSE,702-09,3,0
BSE,702-10,3,0
BSE,702-11,3,0
BSE,702-12,3,0
BSE,702-13,3,0
BSE,703-01,3,1
BSE,703-02,3,0
BSE,703-03,3,0
BSE,703-04,3,1
BSE,703-05,6,0
BSE,703-06,6,1
BSE,703-07,3,0
BSE,703-08,3,0
BSE,703-09,3,0
BSE,703-10,3,0
BSE,703-11,3,2
BSE,703-12,3,0
BSE,703-13,3,0
BSE,703-14,3,1
BSE,780-01,10,7
BSE,799-01,0,0
BSE,799-02,1,1
BSE,799-03,2,1
BSE,799-04,2,1
BSE,799-05,2,1
BSE,799-06,1,1
BSE,799-07,1,1
BSE,799-09,2,1
BSE,799-10,1,1
BUS,300-01,30,30
BUS,300-02,30,19
BYS,109-01,65,65
BYS,109-02,45,41
BYS,119-01,140,103
BYS,119-02,110,109
BYS,120-01,168,50
BYS,120-02,30,30
BYS,121-01,24,22
BYS,121-02,24,14
BYS,121-03,50,36
BYS,121-04,50,23
BYS,121-05,24,23
BYS,121-06,24,19
BYS,122-01,24,12
BYS,122-02,24,13
BYS,122-03,50,28
BYS,122-04,50,20
BYS,122-05,0,0
BYS,122-H05,12,5
BYS,205-01,15,14
BYS,214-01,72,35
BYS,214L-01,24,24
BYS,214L-02,24,11
BYS,214L-03,0,0
BYS,215-01,114,39
BYS,215L-01,24,13
BYS,215L-02,24,13
BYS,215L-03,24,14
BYS,216-01,114,57
BYS,216L-01,0,0
BYS,216L-02,24,16
BYS,216L-03,24,22
BYS,216L-04,24,19
BYS,219-01,60,36
BYS,221-01,20,14
BYS,221-02,20,18
BYS,221-03,20,2
BYS,230-01,0,0
BYS,300-01,74,68
BYS,300L-01,24,23
BYS,300L-02,24,24
BYS,300L-03,25,21
BYS,301-01,18,15
BYS,311-01,66,27
BYS,314-01,44,44
BYS,314L-01,24,21
BYS,314L-02,24,23
BYS,320-01,90,48
BYS,320-01,90,48
BYS,321-01,44,27
BYS,321L-01,24,11
BYS,321L-02,24,16
BYS,348-01,24,1
BYS,361-01,30,26
BYS,362-01,10,10
BYS,362-02,10,10
BYS,363-01,12,8
BYS,364-01,30,29
BYS,365-01,7,3
BYS,365-02,12,6
BYS,410-01,6,3
BYS,410-02,2,1
BYS,420-01,0,0
BYS,430-01,22,22
BYS,430-01,22,22
BYS,432-01,10,8
BYS,433-01,30,15
BYS,461-01,18,16
BYS,466-01,0,0
BYS,467-01,20,19
BYS,490-01,25,9
BYS,490-02,25,25
BYS,490-03,20,20
BYS,491-01,20,12
BYS,491-02,0,0
BYS,491-03,2,1
BYS,492-01,2,2
BYS,492-02,2,2
BYS,492-03,2,2
BYS,492-04,1,1
BYS,492-05,1,1
BYS,492-06,2,0
BYS,519-01,20,7
BYS,548-01,15,4
BYS,561-01,10,6
BYS,566-04,0,0
BYS,567-01,20,1
BYS,601-01,20,2
BYS,610-01,2,1
BYS,630-01,4,3
BYS,630-01,4,3
BYS,690-01,20,4
BYS,691-01,20,9
BYS,691-02,10,4
BYS,691-03,0,0
BYS,691-04,10,0
BYS,692-01,2,1
BYS,692-02,2,2
BYS,692-03,3,3
BYS,692-04,1,1
BYS,692-05,3,2
BYS,692-06,2,2
BYS,692-07,4,2
BYS,692-08,3,1
BYS,692-09,3,1
BYS,692-10,3,3
BYS,692-11,3,3
BYS,692-12,3,4
BYS,692-13,2,1
BYS,692-14,2,2
BYS,692-15,2,1
BYS,692-16,2,0
BYS,692-17,1,0
BYS,692-18,3,2
BYS,692-19,1,0
BYS,699-01,2,1
BYS,699-02,2,2
BYS,699-03,2,1
BYS,699-04,1,1
BYS,699-05,3,2
BYS,699-06,2,1
BYS,699-07,3,2
BYS,699-08,2,1
BYS,699-09,1,0
CE,211-01,18,18
CE,271-01,25,7
CE,271-02,25,6
CE,272-01,10,7
CE,272-02,12,12
CE,272-03,10,2
CE,321-01,50,38
CE,370-01,10,2
CE,370-02,10,10
CE,370-03,10,5
CE,372-01,25,14
CE,373-01,15,2
CE,373-02,15,12
CE,375-01,2,0
CE,375-02,2,1
CE,375-03,2,2
CE,375-04,2,2
CE,375-05,2,2
CE,375-06,2,2
CE,375-07,2,2
CE,375-08,2,2
CE,375-09,2,2
CE,380-01,40,22
CE,380L-01,20,16
CE,380L-02,20,6
CE,420-01,20,17
CE,441-01,44,34
CE,452-01,5,6
CE,456-01,16,5
CE,456L-01,8,5
CE,456L-02,8,0
CE,483-01,45,34
CE,485-01,35,33
CE,487-01,15,11
CE,499-01,35,33
CE,499L-01,35,33
CE,520-01,5,2
CE,556-01,5,0
CE,583-01,5,0
CE,585-01,5,1
CE,587-02,5,2
CE,611-01,8,2
CE,659-01,5,3
CE,659-02,5,3
CE,659-03,5,1
CE,659-04,5,3
CE,659-05,2,2
CE,799-01,3,2
CE,799-02,2,1
CE,799-03,1,1
CE,799-04,3,3
CE,799-05,1,1
CE,799-06,1,1
CE,799-07,1,1
CFC,305-01,15,4
CFC,325-01,15,3
CFC,335-01,15,5
CFC,451-01,15,4
CH,101-01,100,29
CH,101-02,50,36
CH,105-01,100,43
CH,105-02,20,20
CH,121-01,80,67
CH,121-02,77,30
CH,121-03,69,70
CH,123-01,99,42
CH,123-02,60,58
CH,125-02,22,22
CH,125-03,22,21
CH,125-04,22,22
CH,125-05,22,22
CH,125-06,22,20
CH,125-08,22,10
CH,125-09,22,22
CH,125-10,22,22
CH,126-01,22,21
CH,126-02,22,20
CH,126-03,22,18
CH,126-04,22,18
CH,126-05,22,3
CH,126-06,22,10
CH,151-01,100,23
CH,155-01,100,25
CH,191-01,0,0
CH,192-01,0,0
CH,193-01,0,0
CH,201-01,60,22
CH,205-02,60,21
CH,223-01,50,42
CH,224-01,15,15
CH,224-02,15,15
CH,224-03,15,10
CH,301-01,27,4
CH,331-01,70,40
CH,332-01,116,37
CH,335-01,14,9
CH,335-02,14,7
CH,335-04,14,8
CH,335-05,14,11
CH,336-01,14,5
CH,336-02,14,6
CH,336-03,0,0
CH,336-05,14,8
CH,337-01,5,1
CH,337-03,1,1
CH,342-01,10,5
CH,346-01,0,0
CH,346-02,15,8
CH,348-01,16,8
CH,351-01,66,17
CH,361-01,28,13
CH,362-01,10,4
CH,362-02,10,5
CH,363-01,12,6
CH,364-01,12,4
CH,364-02,7,1
CH,402-01,16,13
CH,402-02,0,0
CH,440-01,40,12
CH,480-01,1,1
CH,491-01,5,1
CH,491-02,5,1
CH,491-03,1,1
CH,491-04,1,1
CH,492-01,1,0
CH,493-01,10,1
CH,500-01,2,1
CH,521-01,18,6
CH,522-01,6,6
CH,522-02,0,0
CH,522-03,0,0
CH,562-01,15,3
CH,602-01,15,4
CH,631-01,10,4
CH,646-01,0,0
CH,648-01,15,3
CH,649-01,20,4
CH,699-01,0,1
CH,699-02,1,1
CH,699-03,1,1
CH,699-04,1,0
CH,699-05,0,0
CH,699-06,1,1
CH,699-07,1,1
CH,699-08,1,1
CH,699-09,1,1
CH,705-01,1,1
CH,705-02,5,0
CH,735-01,10,2
CH,735-02,10,7
CH,735-03,5,1
CH,735-04,5,3
CH,780-01,45,6
CH,799-01,1,1
CHE,461-01,20,7
CHE,561-01,10,1
CM,113-01,25,22
CM,113-02,25,25
CM,113-03,25,25
CM,113-04,25,25
CM,113-05,25,19
CM,113-06,25,24
CM,113-CO1,0,23
CM,113-H01,15,13
CM,220-01,20,17
CM,231-01,25,24
CM,313-01,25,25
CM,313-02,25,25
CM,313-03,25,25
CM,313-04,25,25
CM,330-W01,20,20
CM,331-01,25,15
CM,375-01,25,23
CM,431-01,20,9
CM,444-01,15,12
CM,452-01,3,3
CM,455-01,15,9
CM,544-01,10,0
CM,552-01,4,4
CM,633-01,20,4
CM,640-01,2,2
CM,655-01,5,2
CM,675-01,20,5
CPE,211-01,45,45
CPE,211-02,45,43
CPE,211L-01,30,30
CPE,211L-02,30,27
CPE,211L-03,31,31
CPE,212-01,35,34
CPE,212-02,35,25
CPE,221-01,60,48
CPE,221-02,60,51
CPE,322-01,75,63
CPE,323-01,85,51
CPE,324-01,15,15
CPE,324-02,15,15
CPE,324-03,15,15
CPE,324-04,15,13
CPE,324-05,0,0
CPE,325-01,17,17
CPE,325-02,17,12
CPE,325-03,0,0
CPE,325-04,17,15
CPE,325-05,17,16
CPE,348-01,80,62
CPE,381-01,50,43
CPE,426-01,15,0
CPE,434-01,86,67
CPE,435-01,35,33
CPE,435-02,35,35
CPE,449-01,7,7
CPE,455-01,38,37
CPE,459-01,36,37
CPE,490-01,12,7
CPE,496-01,65,43
CPE,498-01,32,31
CPE,523-01R,1,1
CPE,526-01,35,0
CPE,534-01,5,3
CPE,549-01,3,3
CPE,555-01,4,4
CPE,559-01,7,6
CPE,590-01,16,11
CPE,613-01R,20,10
CPE,631-01,20,5
CPE,631-01R,9,8
CPE,645-01,10,2
CPE,646-01,10,6
CPE,649-01,20,13
CPE,649L-01,20,13
CPE,692-01,10,5
CPE,695-01,1,1
CPE,699-03,1,1
CPE,699-40,1,1
CPE,699-41,1,1
CPE,799-06,1,1
CPE,799-25,2,2
CS,104-01S,45,17
CS,104-02S,45,28
CS,104-03,160,79
CS,121-01S,45,45
CS,121-02,45,45
CS,121-03,45,31
CS,121-04,45,32
CS,143-01,49,49
CS,214-01,45,37
CS,214-02,60,59
CS,214-03,60,55
CS,221-01,45,37
CS,221-02,52,26
CS,221-03,45,29
CS,309-01,52,45
CS,309-02,52,51
CS,309L-01,52,47
CS,309L-02,52,49
CS,317-01,57,57
CS,317-02,57,52
CS,321-01,60,56
CS,321-02,60,58
CS,330-01,52,52
CS,347-01,60,60
CS,370-01,39,26
CS,390-01,55,54
CS,413-01,52,52
CS,413-02,45,44
CS,413L-01,52,52
CS,413L-02,45,44
CS,424-01,45,45
CS,424-02,43,38
CS,430-01,30,22
CS,430-02,30,24
CS,443-01,39,37
CS,445-01,46,44
CS,453-01,28,21
CS,465-01,30,15
CS,466-01,35,34
CS,480-01,39,37
CS,485-01,35,15
CS,488-01,35,31
CS,490-01,52,36
CS,490-02,50,19
CS,496-16,19,7
CS,499-01,52,26
CS,499-03,52,48
CS,513-01,40,11
CS,517-01,40,11
CS,524-01,7,7
CS,524-02,2,3
CS,530-01,15,7
CS,530-02,9,5
CS,543-01,10,2
CS,545-01,0,0
CS,553-01,11,6
CS,565-01,19,5
CS,566-01,24,24
CS,580-01,10,9
CS,585-01,14,5
CS,588-01,17,13
CS,595-01,2,1
CS,595-13,1,1
CS,595-25,1,1
CS,596-16,20,14
CS,613-01,26,15
CS,617-01,40,40
CS,617-91,0,0
CS,637-01,26,20
CS,641-01,26,24
CS,656-01,25,11
CS,656-91,10,10
CS,670-01,39,9
CS,685-01,49,11
CS,687-01,52,32
CS,692-01,35,32
CS,695-01,0,0
CS,695-07,1,0
CS,695-25,10,9
CS,695-49,1,1
CS,699-01,5,5
CS,699-02,1,1
CS,699-04,5,2
CS,699-05,3,1
CS,699-07,3,2
CS,699-16,3,3
CS,699-25,10,6
CS,699-26,1,1
CS,699-28,2,1
CS,699-29,1,0
CS,699-43,2,2
CS,699-44,2,0
CS,699-46,2,1
CS,699-47,2,1
CS,699-49,3,1
CS,795-07,2,1
CS,795-25,3,1
CS,795-43,1,1
CS,795-54,1,1
CS,799-01,1,1
CS,799-04,2,0
CS,799-05,1,1
CS,799-07,4,2
CS,799-08,2,0
CS,799-09,3,1
CS,799-16,2,1
CS,799-25,1,1
CS,799-27,1,1
CS,799-28,3,0
CS,799-43,2,0
CS,799-44,2,2
CS,799-46,2,1
CS,799-49,2,0
EA,172-S01,3,3
EA,172-S02,1,1
ECH,306-01,20,6
ECH,490-01,5,2
ECN,142-01,80,55
ECN,142-02,120,120
ECN,142-03,80,81
ECN,143-01,120,83
ECN,143-02,80,32
ECN,143-03,80,27
ECN,340-01,70,70
ECN,345-01,42,11
ECN,352-01,70,70
ECN,406-01,58,27
ECN,445-01,30,28
ECN,480-01,30,10
ECN,490-01,30,1
ECN,545-01,30,3
ECN,580-01,10,4
ECN,590-01,10,0
ECN,600-01,40,17
ECN,626-01,50,24
ED,510-01,7,1
ED,620-01,10,2
ED,635-01,15,15
ED,635-02,15,7
EDC,636-01,0,0
EE,202-01,100,80
EE,203-01,12,12
EE,203-02,12,11
EE,203-03,12,11
EE,203-04,12,12
EE,203-05,12,11
EE,203-06,12,12
EE,213-01,51,54
EE,213-02,20,12
EE,213-03,100,75
EE,213-04,60,60
EE,223-01,26,17
EE,223-02,26,19
EE,307-01,55,44
EE,308-01,50,34
EE,310-01,45,22
EE,315-01,36,36
EE,315-02,40,25
EE,316-01,12,0
EE,316-02,12,11
EE,316-03,12,11
EE,316-04,12,9
EE,316-05,0,0
EE,316-06,12,12
EE,316-07,12,12
EE,316-08,12,5
EE,382-01,40,13
EE,383-01,40,40
EE,384-01,16,9
EE,384-02,16,16
EE,384-03,16,9
EE,384-04,16,10
EE,385-01,55,49
EE,386-01,48,40
EE,410-01,0,0
EE,411-01,30,7
EE,414-01,30,14
EE,416-01,47,28
EE,418-01,18,7
EE,426-01,25,10
EE,453-01,30,5
EE,454-01,35,7
EE,494-01,55,25
EE,506-01,10,0
EE,510-01,6,0
EE,514-01,20,4
EE,518-01,10,10
EE,534-01,5,0
EE,553-01,20,1
EE,586-01R,2,2
EE,610-01,20,0
EE,614-01,20,11
EE,616-01,0,0
EE,619-01,40,16
EE,630-01,21,7
EE,630-01R,10,4
EE,648-01,20,15
EE,699-10,2,1
EE,699-61,1,1
EE,699-62,1,1
EE,699-68,1,1
EE,699-71,2,1
EE,699-76,2,2
EE,699-78,1,1
EE,699-83,1,1
EE,704-01,15,3
EE,706-01,26,26
EE,710-01,10,7
EE,710-02,20,10
EE,742-01,20,8
EE,799-01,3,3
EE,799-02,1,1
EE,799-10,2,2
EE,799-28,3,3
EE,799-46,1,1
EE,799-49,6,6
EE,799-57,1,1
EE,799-64,1,1
EGR,101-01,80,80
EGR,101-02,80,69
EGR,101-H03,100,96
EGR,105-01,100,1
EGR,299-01,200,186
EGR,399-01,200,212
EH,101-01,23,23
EH,101-02,23,23
EH,101-03,0,0
EH,101-04,0,0
EH,101-05,23,23
EH,101L-01,0,0
EH,101L-02,10,10
EH,101L-03,10,4
EH,101L-04,10,10
EH,101S-01,0,0
EH,101S-02,23,23
EH,102-01,23,23
EH,102-02,23,23
EH,102-03,23,23
EH,102-04,23,23
EH,102-05,23,23
EH,102-06,23,22
EH,102-07,23,23
EH,102-08,23,23
EH,102-09,23,23
EH,102-10,23,23
EH,102-11,23,23
EH,102-12,23,24
EH,102-13,23,23
EH,102-14,23,23
EH,102-15,23,24
EH,102-16,23,24
EH,102-17,23,22
EH,102-18,23,23
EH,103-01,20,20
EH,103-02,20,9
EH,103-03,20,20
EH,103-04,20,19
EH,103-05,20,20
EH,103-06,20,13
EH,103-07,20,20
EH,103-08,20,20
EH,207-01,35,35
EH,207-02,35,35
EH,207-03,35,29
EH,207-04,35,28
EH,208-01,35,18
EH,208-02,35,35
EH,208-04,35,33
EH,208-H03,20,15
EH,211-01,15,15
EH,211-02,15,14
EH,241-01,35,29
EH,242-W01,35,35
EH,242-W02,35,35
EH,242-W03,35,35
EH,242-W04,35,35
EH,242-W05,35,35
EH,242-W06,35,35
EH,244-01,35,33
EH,244-02,35,35
EH,244-03,35,35
EH,244-H04,20,14
EH,246-01,35,35
EH,246-02,35,33
EH,246-03,35,13
EH,246-04,35,26
EH,246-05,35,35
EH,300-01,20,20
EH,300-02,20,20
EH,300-03,20,20
EH,300-04,0,0
EH,300-05,20,15
EH,301-01,20,19
EH,301-02,20,20
EH,301-03,20,17
EH,301-04,20,20
EH,301-05,20,20
EH,301-06,20,20
EH,301-07,20,20
EH,301-08,0,0
EH,301-09,20,20
EH,301-H10,20,13
EH,302-01,20,13
EH,302-01,20,13
EH,320-01,5,4
EH,340-01,25,29
EH,410-01,10,8
EH,410-02,10,10
EH,410-03,10,10
EH,412-01,8,9
EH,414-W01,9,9
EH,430-W01,18,18
EH,434-W01,17,15
EH,448-01,15,9
EH,451-W01,20,17
EH,452-01,6,6
EH,463-01,25,7
EH,510-01,5,1
EH,510-02,5,2
EH,510-03,5,2
EH,512-01,7,6
EH,514-01,6,6
EH,530-01,7,7
EH,534-01,8,4
EH,548-01,10,3
EH,551-01,5,5
EH,552-01,7,7
EH,603-01,12,13
EH,660-01,12,5
EH,662-01,12,15
EH,698-01,1,1
EH,699-01,1,1
EM,660-01,65,11
EM,660-02,50,4
EM,660-03R,50,12
EM,666-01,25,6
EM,666-01R,32,21
EM,666-02,32,5
EM,747-01,25,3
EM,747-01R,35,33
EM,747-02,25,7
EM,760-01,1,1
EM,761-01,20,2
EM,761-01R,20,3
EM,761-02,20,4
EM,766-01R,0,0
EM,799-01,3,1
EM,799-30,6,2
EM,799-40,1,1
ESL,420-01,15,1
ESL,520-01,15,15
ESL,520-02,15,12
ESL,640-01,1,1
ESL,640-A,1,0
ET,301-01,25,25
ET,310-01,0,0
ET,314-01,25,18
ET,314-02,25,14
ET,334-01,15,6
ET,336-01,25,10
ET,336-02,25,3
ET,341-01,0,0
ET,341-02,0,0
FIN,330-01,30,9
FIN,430-01,30,12
FMA,123-01,50,51
FMA,123-02,50,49
FMA,123-03,50,50
FMA,123-04,50,50
FMA,360-01,15,17
FMA,401-01,10,4
FMA,431-01,5,5
FYE,101S-01,30,22
FYE,101S-02,30,26
FYE,101S-03,25,23
FYE,101S-04,30,25
FYE,101S-05,30,19
FYE,101S-06,30,19
FYE,101S-07,20,19
FYE,101S-09,30,10
FYE,101S-10,20,20
GS,200-01,30,28
GS,400-01,2,1
GS,450-01,1,1
HON,201-H01,12,6
HON,301-H06,15,9
HPE,127-01,12,6
HPE,136-01,15,13
HPE,136-02,15,8
HPE,136-03,15,14
HPE,136-04,15,0
HPE,170-01,20,17
HY,103-01,40,40
HY,103-02,40,40
HY,103-03,40,41
HY,103-04,40,40
HY,103-05,40,41
HY,103-06,70,71
HY,103-07,40,41
HY,104-01,40,40
HY,104-02,40,41
HY,104-03,40,40
HY,104-05,40,41
HY,104-06,40,40
HY,104-H04,23,21
HY,221-01,40,41
HY,221-02,40,39
HY,222-01,40,41
HY,300-01,16,18
HY,325-01,25,23
HY,390-W01,25,23
HY,399-01,25,18
HY,438-01,15,14
HY,480-01,17,17
HY,484-W01,15,13
HY,490-01,15,9
HY,495-01,1,1
HY,498-01,10,7
HY,538-01,10,1
HY,580-01,8,2
HY,584-01,10,6
HY,590-01,10,0
HY,598-01,15,9
HY,618-01,12,7
HY,680-01,12,11
HY,695-01,0,0
HY,698-01,2,2
HY,698-02,1,1
IS,146-01,65,65
IS,146-02,44,43
IS,146-03,88,27
IS,210-01,44,37
IS,301-01,85,85
IS,301-02,89,89
IS,310-01,37,37
IS,310-02,37,29
IS,340-01,44,44
IS,401-01,48,48
IS,412-01,48,29
IS,422-01,48,32
IS,460-01,35,33
IS,471-01,15,13
IS,477-01,24,11
IS,477-02,35,23
IS,480-01,40,33
IS,491-01,50,21
IS,495-01,10,1
IS,501-01,13,13
IS,512-01,15,13
IS,522-01,57,25
IS,560-01,15,14
IS,571-01,45,31
IS,577-01,22,12
IS,577-02,15,8
IS,580-01,10,8
IS,580-02,1,1
IS,595-01,10,0
IS,640-01,46,31
IS,663-01,50,8
IS,670-01,40,16
IS,691-01,40,9
ISE,321-01,265,264
ISE,324-01,35,29
ISE,327-01,52,56
ISE,390-01,0,0
ISE,390-02,105,106
ISE,391-01,30,26
ISE,391-01R,30,31
ISE,423-01,64,34
ISE,426-01,20,12
ISE,428-01,1,1
ISE,428-02,1,1
ISE,429-01,20,21
ISE,429-02,14,12
ISE,429-03,5,2
ISE,429-04,11,11
ISE,433-01,50,44
ISE,439-01,32,7
ISE,439-03,1,1
ISE,480-01,25,19
ISE,523-01,10,3
ISE,523-01R,10,6
ISE,523-02,10,0
ISE,526-01,30,11
ISE,526-01R,30,15
ISE,526-02,30,3
ISE,533-01R,15,4
ISE,533-02,15,0
ISE,539-01,32,1
ISE,539-01R,40,6
ISE,539-02,40,0
ISE,580-01,25,7
ISE,580-01R,25,3
ISE,580-02,25,11
ISE,623-01,40,7
ISE,623-02,5,1
ISE,623-02R,40,17
ISE,627-01,35,6
ISE,627-01R,35,18
ISE,627-02,35,1
ISE,639-04,32,0
ISE,639-04R,0,0
ISE,639-05,1,1
ISE,690-01,32,18
ISE,690-01R,40,29
ISE,690-02,40,3
ISE,699-01,1,1
ISE,699-02,1,1
ISE,699-03,3,3
ISE,699-04,5,1
ISE,734-01,31,3
ISE,734-01R,31,4
ISE,734-02,31,5
ISE,761-01,20,0
ISE,761-01R,20,3
ISE,761-02,20,0
ISE,799-0,1,0
ISE,799-01,3,2
ISE,799-02,1,1
ISE,799-03,1,1
ISE,799-10,1,1
ISE,799-20,6,3
ISE,799-30,6,0
ISE,799-40,6,2
ISE,799-42,6,0
ISE,799-43,1,1
KIN,200-01,25,26
KIN,240-01,35,29
KIN,260-01,35,22
KIN,290-01,24,19
KIN,300-01,18,18
KIN,315-01,24,24
KIN,327-01,24,24
KIN,328-01,12,12
KIN,328-02,12,11
KIN,351-01,12,5
KIN,351-02,12,13
KIN,352-01,18,4
KIN,361-01,24,23
KIN,419-01,18,6
KIN,451-01,16,6
KIN,452-01,16,10
KIN,452-02,16,17
KIN,455-01,30,27
KIN,457-01,18,17
KIN,462-01,18,1
KIN,463-01,24,25
KIN,464-01,15,8
KIN,490-01,6,9
KIN,490-02,6,7
KIN,490-03,6,0
KIN,564-01,6,1
LIB,501-01,25,0
MA,105-01,28,23
MA,107-01,45,34
MA,107S-01,25,21
MA,110-01,45,26
MA,110S-01,45,20
MA,112-01,45,34
MA,112-02,45,19
MA,112S-01,45,38
MA,113-01,42,36
MA,113-02,46,46
MA,113-03,46,28
MA,113-04,46,39
MA,113-05,0,0
MA,120-01,35,32
MA,120-02,45,22
MA,120-04,48,46
MA,120-05,48,48
MA,171-01,45,30
MA,171-01,45,30
MA,171-02,45,27
MA,171-03,45,45
MA,171-04,45,17
MA,171-05,45,32
MA,171-05,45,32
MA,171R-01,0,0
MA,171S-01,23,23
MA,171S-01,23,23
MA,171S-02,25,25
MA,171S-02,25,25
MA,172-01,50,14
MA,172-02,48,48
MA,172-03,45,45
MA,172-04,45,23
MA,172-05,45,45
MA,172-06,45,46
MA,172-07,45,44
MA,172-08,45,43
MA,172-09,45,18
MA,172-10,52,42
MA,172-13,45,27
MA,172-H11,42,41
MA,172-H12,0,0
MA,181-01,45,4
MA,201-01,52,52
MA,201-02,44,44
MA,201-03,50,48
MA,201-04,44,16
MA,201-05,42,41
MA,201-06,44,29
MA,201-H07,42,13
MA,231-01,35,10
MA,238-01,50,50
MA,238-02,45,43
MA,238-03,54,54
MA,238-04,45,36
MA,238-06,45,45
MA,238-07,45,43
MA,238-H08,45,39
MA,244-01,48,48
MA,244-02,45,36
MA,244-03,54,52
MA,244-04,48,48
MA,244-05,48,43
MA,244-06,45,44
MA,244-07,45,37
MA,281-01,40,23
MA,301-01,52,24
MA,301-02,40,37
MA,330-02,54,51
MA,330-03,45,22
MA,385-01,0,0
MA,385-02,45,10
MA,385-03,44,23
MA,385-04,44,40
MA,385-05,55,50
MA,385-06,45,43
MA,399-01,15,2
MA,415-01,25,14
MA,420-01,35,17
MA,433-01,42,11
MA,442-01,35,14
MA,452-01,25,15
MA,453-01,25,7
MA,458-01,25,13
MA,465-01,44,23
MA,487-01,25,12
MA,490-01,15,1
MA,490-02,15,1
MA,490-03,25,9
MA,502-01,15,2
MA,508-01,25,13
MA,542-01,25,4
MA,585-01,25,16
MA,614-01,0,0
MA,640-01,25,3
MA,653-01,0,0
MA,690-01,15,2
MA,690-02,15,8
MA,690-03,25,11
MA,690-04,1,1
MA,690-05,1,1
MA,799-01,2,3
MA,799-02,1,0
MA,799-03,2,1
MA,799-04,1,1
MA,799-05,1,1
MA,799-06,1,1
MAE,115-01,0,8
MAE,115-02,0,8
MAE,115-03,0,6
MAE,200-01,120,111
MAE,211-01,85,85
MAE,211-02,85,85
MAE,271-01,70,68
MAE,271-02,70,71
MAE,272-01,75,75
MAE,272-02,75,76
MAE,272-03,75,62
MAE,284-01,100,99
MAE,284-02,110,110
MAE,284L-01,42,42
MAE,284L-02,42,41
MAE,284L-03,42,42
MAE,284L-04,42,42
MAE,284L-05,42,42
MAE,310-01,60,55
MAE,310-02,60,39
MAE,311-01,78,76
MAE,311-02,78,75
MAE,311L-01,12,11
MAE,311L-02,12,12
MAE,311L-03,12,11
MAE,311L-04,12,12
MAE,311L-05,12,12
MAE,311L-06,12,12
MAE,311L-07,12,12
MAE,311L-08,12,12
MAE,311L-09,12,12
MAE,311L-10,12,12
MAE,311L-11,12,12
MAE,311L-12,12,12
MAE,311L-13,12,9
MAE,330-01,44,43
MAE,331-01,10,10
MAE,331-02,10,10
MAE,331-03,10,10
MAE,331-04,10,8
MAE,341-01,50,50
MAE,341-02,50,48
MAE,341-03,50,50
MAE,342-01,45,41
MAE,342-02,45,36
MAE,343-01,45,44
MAE,343-02,45,41
MAE,345-H01,12,8
MAE,364-01,80,82
MAE,364L-01,16,16
MAE,364L-02,16,17
MAE,364L-04,16,16
MAE,364L-05,16,17
MAE,364L-06,16,16
MAE,370-01,60,58
MAE,370-02,60,61
MAE,370-03,60,57
MAE,371-01,60,60
MAE,375-01,22,15
MAE,375-02,22,16
MAE,375-03,22,3
MAE,375-04,22,22
MAE,375-05,22,22
MAE,375-06,22,22
MAE,375-07,22,22
MAE,375-08,22,8
MAE,375-09,22,21
MAE,378-01,45,32
MAE,378-02,45,45
MAE,441-01,75,32
MAE,450-01,64,51
MAE,451-01,16,4
MAE,451-02,16,10
MAE,451-03,16,12
MAE,451-05,16,13
MAE,455-01,48,21
MAE,455-02,48,49
MAE,468-01,95,63
MAE,471-01,100,84
MAE,477-01,9,0
MAE,480-01,60,59
MAE,488-01,70,31
MAE,488-02,70,67
MAE,488-03,70,68
MAE,489-01,40,40
MAE,489-02,42,23
MAE,490-01,30,28
MAE,490-02,30,33
MAE,491-01,29,29
MAE,491-02,22,22
MAE,491-03,20,21
MAE,491-04,32,32
MAE,491-05,18,16
MAE,491-06,26,25
MAE,491-07,2,2
MAE,541-01,20,7
MAE,541-01R,15,10
MAE,568-01,15,4
MAE,568-01R,30,7
MAE,577-01,20,19
MAE,580-01,10,1
MAE,580-01R,10,3
MAE,589-01,6,6
MAE,620-01,30,16
MAE,620-01R,10,10
MAE,642-01,30,8
MAE,642-01R,10,9
MAE,643-01,22,17
MAE,643-01R,10,7
MAE,644-01,20,15
MAE,644-01R,20,19
MAE,645-01,20,17
MAE,645-01R,10,8
MAE,665-01,25,11
MAE,665-01R,10,9
MAE,672-01,20,9
MAE,672-01R,10,5
MAE,693-01,20,2
MAE,693-01R,10,3
MAE,699-01,5,1
MAE,699-04,5,1
MAE,699-06,5,0
MAE,699-07,5,2
MAE,699-10,5,2
MAE,699-11,5,0
MAE,699-12,5,0
MAE,699-13,5,0
MAE,699-14,5,1
MAE,699-16,5,0
MAE,699-19,5,1
MAE,699-22,5,3
MAE,699-23,5,1
MAE,699-24,5,0
MAE,699-25,5,1
MAE,699-26,5,0
MAE,699-34,5,1
MAE,699-35,5,0
MAE,699-36,5,1
MAE,699-37,5,0
MAE,699-38,5,1
MAE,699-40,5,1
MAE,699-41,5,1
MAE,699-44,5,1
MAE,699-45,5,0
MAE,699-49,5,3
MAE,699-50,5,1
MAE,699-51,5,1
MAE,699-52,5,0
MAE,699-54,5,1
MAE,699-55,5,3
MAE,699-58,5,3
MAE,699-59,5,0
MAE,699-60,5,0
MAE,699-61,5,1
MAE,723-01,20,3
MAE,723-01R,10,3
MAE,740-01,20,9
MAE,740-01R,12,11
MAE,795-01,5,5
MAE,795-02,15,9
MAE,795-02R,10,1
MAE,799-039,5,1
MAE,799-04,5,4
MAE,799-05,5,2
MAE,799-06,5,3
MAE,799-07,5,1
MAE,799-08,5,1
MAE,799-10,5,3
MAE,799-11,5,2
MAE,799-12,5,4
MAE,799-13,5,1
MAE,799-17,5,1
MAE,799-21,5,1
MAE,799-25,5,0
MAE,799-27,5,1
MAE,799-34,5,0
MAE,799-35,5,1
MAE,799-36,5,1
MAE,799-37,5,1
MAE,799-38,5,0
MAE,799-40,5,1
MAE,799-41,5,0
MAE,799-43,5,5
MAE,799-45,5,0
MAE,799-46,5,1
MAE,799-49,5,3
MAE,799-50,5,1
MAE,799-51,5,3
MAE,799-53,5,0
MAE,799-54,5,1
MAE,799-55,5,1
MAE,799-56,5,0
MAE,799-57,5,0
MAE,799-58,5,1
MGT,301-01,55,44
MGT,301-02,85,86
MGT,301-03,85,86
MGT,320-01,40,16
MGT,320-02,40,41
MGT,361-01,50,50
MGT,363-01,70,70
MGT,401-01,94,96
MGT,402-01,25,21
MGT,403-01,50,50
MGT,405-01,38,19
MGT,410-01,61,29
MGT,450-01,74,73
MGT,450-02,48,41
MGT,460-01,23,12
MGT,494-01,10,5
MGT,495-01,10,4
MGT,499-01,50,49
MGT,499-02,45,36
MGT,499-03,65,70
MGT,501-01,42,16
MGT,502-01,25,17
MGT,503-01,24,17
MGT,505-01,14,4
MGT,550-01,11,4
MGT,560-01,34,17
MGT,595-01,10,0
MGT,622-01,45,29
MGT,629-01,55,31
MGT,640-01,30,15
MGT,695-01,30,13
MGT,698-01,45,43
MIL,102-01,20,16
MIL,102L-01,15,15
MIL,202-01,15,4
MIL,202L-01,15,4
MIL,302-01,15,7
MIL,302L-01,15,6
MIL,402-01,15,9
MIL,402L-01,15,9
MIL,499-01,15,0
MKT,301-01,80,80
MKT,301-02,80,80
MKT,301-03,50,20
MKT,315-01,45,37
MKT,332-01,55,32
MKT,343-01,40,16
MKT,350-01,30,24
MKT,465-01,30,15
MKT,470-01,30,24
MKT,480-01,25,22
MKT,490-01,2,2
MKT,494-01,10,4
MKT,495-01,10,3
MKT,565-01,10,1
MKT,570-01,15,1
MKT,580-01,10,3
MKT,595-01,10,0
MKT,601-01,45,34
MSC,287-01,55,55
MSC,287-02,53,53
MSC,287-03,55,54
MSC,287-04,50,17
MSC,288-01,53,40
MSC,288-02,53,31
MSC,288-03,57,57
MSC,288-04,50,38
MSC,385-01,84,84
MSC,385-02,75,74
MSC,411-01,40,24
MSC,450-01,30,1
MSC,495-01,10,1
MSC,550-01,30,11
MSC,595-01,5,0
MSC,600-01,50,28
MSC,605-01,50,38
MSC,615-01,46,40
MSC,622-01,45,27
MSC,641-01,55,48
MSC,692-01,52,41
MSC,693-01,30,12
MTS,602-01,13,8
MTS,660-01,13,0
MTS,699-01,5,0
MTS,699-02,5,0
MTS,699-03,5,0
MTS,699-04,5,0
MTS,699-05,5,0
MTS,699-06,5,0
MTS,699-07,5,0
MTS,699-08,5,1
MTS,699-09,5,0
MTS,699-10,5,0
MTS,699-11,5,0
MTS,699-12,5,0
MTS,699-13,5,0
MTS,699-14,5,0
MTS,699-15,5,0
MTS,699-16,5,0
MTS,699-17,5,0
MTS,780-01,10,1
MTS,799-01,5,1
MTS,799-02,5,1
MTS,799-03,5,0
MTS,799-04,5,1
MTS,799-05,5,0
MTS,799-06,5,0
MTS,799-07,5,0
MTS,799-08,5,0
MTS,799-09,5,0
MTS,799-10,5,0
MTS,799-11,5,1
MTS,799-12,5,0
MTS,799-13,5,0
MTS,799-14,5,0
MTS,799-15,5,0
MTS,799-16,5,3
MTS,799-17,5,1
MTS,799-18,5,0
MTS,799-19,5,0
MTS,799-20,5,1
MTS,799-21,5,1
MTS,799-22,5,0
MTS,799-23,5,0
MTS,799-24,5,0
MTS,799-25,5,0
MTS,799-26,5,0
MTS,799-27,5,1
MTS,799-28,2,1
MTS,799-29,5,1
MTS,799-30,5,0
MTS,799-31,5,0
MU,100-01,0,0
MU,100-02,40,40
MU,100-03,40,40
MU,100-04,40,40
MU,100-06,40,40
MU,100-07,40,36
MU,106-01,15,16
MU,110-01,10,5
MU,120-01,15,10
MU,130-01,12,10
MU,140-01,10,9
MU,199-01,50,26
MU,201-01,20,18
MU,203-01,20,18
MU,205-01,0,0
MU,208-01,10,6
MU,301-01,20,4
MU,303-01,20,3
MU,306-01,20,20
MU,312-01,20,3
MU,321-01,10,6
MU,404-01,5,0
MU,420-01,10,10
MU,425-01,12,5
MU,525-01,5,1
MUA,111-01,5,2
MUA,111-02,8,8
MUA,111-03,5,3
MUA,115-01,5,1
MUA,121-01,5,2
MUA,125-01,5,3
MUA,131-01,1,1
MUA,131-02,5,4
MUA,131-03,5,1
MUA,131-04,5,3
MUA,135-01,5,0
MUA,135-02,5,3
MUA,141-01,5,5
MUA,141-02,5,1
MUA,141-03,5,1
MUA,145-01,5,1
MUA,145-02,5,0
MUA,145-03,5,0
MUA,151-01,5,3
MUA,151-02,5,0
MUA,151-03,5,0
MUA,155-01,5,1
MUA,155-02,5,0
MUA,155-03,5,0
MUA,161-01,5,3
MUA,161-02,5,3
MUA,161-03,5,2
MUA,161-04,5,0
MUA,161-05,5,0
MUA,161-06,5,1
MUA,165-01,5,0
MUA,165-02,5,0
MUA,165-03,5,0
MUA,165-04,5,0
MUA,165-05,5,1
MUA,171-01,5,2
MUA,171-02,5,3
MUA,171-03,5,0
MUA,171-04,5,1
MUA,175-01,5,0
MUA,175-02,5,0
MUA,175-03,5,0
MUA,175-04,5,0
MUA,181-01,5,3
MUA,185-01,5,0
MUA,191-01,5,0
MUA,211-01,5,3
MUA,211-02,5,0
MUA,211-03,5,0
MUA,221-01,5,0
MUA,231-01,5,2
MUA,231-02,5,0
MUA,231-03,5,0
MUA,231-04,5,1
MUA,241-01,5,0
MUA,241-02,5,0
MUA,241-03,5,0
MUA,251-01,5,0
MUA,251-02,5,0
MUA,251-03,5,0
MUA,261-01,5,0
MUA,261-02,5,0
MUA,261-03,5,0
MUA,261-04,5,0
MUA,261-05,5,1
MUA,271-01,5,0
MUA,271-02,5,2
MUA,271-03,5,0
MUA,271-04,5,0
MUA,281-01,5,2
MUA,291-01,1,1
MUA,291-02,5,0
MUA,311-01,5,2
MUA,311-02,5,0
MUA,311-03,5,0
MUA,321-01,5,0
MUA,331-01,5,1
MUA,331-02,5,0
MUA,331-03,5,1
MUA,331-04,5,0
MUA,341-01,5,0
MUA,341-02,5,0
MUA,341-03,5,0
MUA,351-01,5,0
MUA,351-02,5,0
MUA,351-03,5,0
MUA,361-01,5,0
MUA,361-02,5,0
MUA,361-03,5,0
MUA,361-04,5,0
MUA,361-05,5,0
MUA,371-01,5,0
MUA,371-02,5,0
MUA,371-03,5,0
MUA,371-04,5,1
MUA,381-01,5,1
MUA,411-01,5,0
MUA,411-02,5,0
MUA,411-03,5,0
MUA,421-01,5,0
MUA,431-01,5,3
MUA,431-02,5,0
MUA,431-03,5,0
MUA,431-04,5,0
MUA,441-01,5,0
MUA,441-02,5,0
MUA,441-03,5,0
MUA,451-01,5,0
MUA,451-02,5,0
MUA,451-03,5,1
MUA,461-01,5,0
MUA,461-02,5,0
MUA,461-03,5,0
MUA,461-04,5,0
MUA,461-05,5,0
MUA,471-01,5,0
MUA,471-02,5,0
MUA,471-03,5,0
MUA,471-04,5,0
MUA,481-01,5,0
MUA,498-01,5,1
MUA,498-02,5,1
MUA,498-03,5,0
MUA,498-04,5,2
MUA,498-05,5,0
MUA,498-06,5,0
MUA,498-07,5,1
MUA,498-08,5,0
MUA,498-09,5,0
MUA,499-01,5,1
MUA,499-02,5,1
MUA,499-03,5,0
MUA,499-04,5,0
MUA,511-01,1,1
MUA,571-02,1,1
MUE,328-01,0,0
MUE,527-01,0,0
MUJ,131-01,5,1
MUJ,131-02,5,2
MUJ,141-01,5,0
MUJ,151-01,5,0
MUJ,161-01,5,2
MUJ,171-01,5,0
MUJ,181-01,5,0
MUJ,231-01,5,0
MUJ,231-02,5,0
MUJ,241-01,5,0
MUJ,251-01,5,0
MUJ,261-01,5,0
MUJ,271-01,5,0
MUJ,281-01,5,0
MUJ,498-01,0,0
MUX,386-01,10,4
MUX,389-01,25,12
MUX,390-01,60,21
MUX,391-01,32,11
MUX,395-01,10,4
MUX,396-01,10,0
MUX,396-02,5,2
MUX,396-03,0,0
MUX,396-04,6,3
MUX,396-05,8,3
MUX,396-06,10,5
MUX,396-07,10,4
MUX,396-08,10,2
MUX,396-09,10,0
MUX,396-10,7,4
MUX,397-01,50,17
MUX,399-01,50,36
MUX,590-01,60,1
MUX,591-01,32,0
MUX,599-01,50,1
NUA,315-01,15,14
NUA,320-01,15,14
NUA,320L-01,15,4
NUA,325-01,15,14
NUA,335-01,8,7
NUA,335-02,7,7
NUA,335L-01,8,7
NUA,335L-02,7,7
NUA,345-01,8,6
NUA,345-02,8,8
NUA,345L-01,8,7
NUA,345L-02,7,7
NUR,305L-02,0,6
NUR,305L-03,0,6
NUS,710-81,2,1
NUS,710-UA1,2,0
NUS,756-81,10,2
NUS,756-UA1,10,0
NUS,758-81,10,2
NUS,758-UA1,10,0
NUS,762-81,10,3
NUS,762-UA1,10,1
NUS,776-81,10,1
NUS,776-UA1,10,3
NUS,783-81,0,2
NUS,783-UA1,0,3
NUS,785-81,10,1
NUS,785-UA1,10,1
NUS,799-01,10,1
NUS,799-02,10,1
NUS,799-03,5,1
NUS,799-04,5,1
NUS,799-05,5,1
NUS,799-UA1,10,1
NUS,799-UA2,10,1
NUS,799-UA3,10,1
NUS,799-UA4,10,1
NUS,799-UA5,5,1
NUS,799-UA6,2,1
NUS,799-UA7,5,1
OCS,000-01,150,15
OCS,000-02,150,93
OCS,000-03,150,8
OCS,000-04,150,39
OCS,000-05,150,3
OPE,454-01,5,0
OPT,342-01,35,6
OPT,411-01,10,6
OPT,446-01,35,1
OSE,534-01,5,0
OSE,542-01,8,5
OSE,546-01,35,1
OSE,632-01,35,1
OSE,654-01,10,0
OSE,742-01,10,4
OSE,799-01,1,1
OSE,799-02,1,1
PH,102-01,116,54
PH,102L-01,24,11
PH,102L-02,24,9
PH,102L-03,24,22
PH,102L-04,24,12
PH,102L-05,0,0
PH,111-01,250,208
PH,111-02,250,67
PH,111-H01,100,62
PH,112-01,196,183
PH,113-01,116,61
PH,114-01,24,8
PH,114-02,24,24
PH,114-03,24,18
PH,114-04,24,24
PH,114-05,24,10
PH,114-06,0,0
PH,114-07,0,0
PH,114-08,24,18
PH,114-09,24,24
PH,114-10,24,24
PH,114-11,24,23
PH,114-12,24,14
PH,114-13,24,13
PH,114-14,24,24
PH,114-15,0,0
PH,114-16,24,24
PH,114-17,24,12
PH,114-18,24,10
PH,114-19,24,14
PH,114-20,24,9
PH,114-21,0,0
PH,114-H01,24,16
PH,114-H02,24,16
PH,114-H03,24,18
PH,115-01,24,11
PH,115-02,24,24
PH,115-03,24,24
PH,115-04,24,24
PH,115-05,24,24
PH,115-06,24,24
PH,115-07,24,24
PH,115-08,24,16
PH,116-01,24,10
PH,116-02,24,15
PH,116-03,24,9
PH,116-04,0,0
PH,116-05,24,9
PH,251-01,35,23
PH,301-01,66,35
PH,305-01,57,37
PH,311-01,15,9
PH,421-01,30,30
PH,432-01,35,12
PH,452-01,35,15
PH,499-01,35,21
PH,542-01,25,2
PH,546-01,35,3
PH,561-01,0,0
PH,621-01,35,15
PH,631-01,35,9
PH,632-01,35,1
PH,652-01,35,8
PH,699-01,10,2
PH,699-02,10,1
PH,699-03,10,1
PH,792-01,50,14
PH,799-01,10,0
PH,799-02,10,1
PH,799-03,10,2
PH,799-04,10,0
PH,799-05,10,2
PH,799-06,10,1
PH,799-07,1,1
PHL,102-W01,38,37
PHL,102-W02,38,37
PHL,102-W03,38,38
PHL,103-01,40,40
PHL,103-02,40,39
PHL,150-01,40,40
PHL,150-02,40,40
PHL,150-03,40,40
PHL,220-01,35,16
PHL,302-01,20,12
PHL,303-W01,20,17
PHL,332-01,10,9
PHL,399-01,2,2
PRO,301-01,25,11
PSC,101-01,35,35
PSC,101-02,35,22
PSC,101-03,35,28
PSC,101-04,35,6
PSC,102-01,35,20
PSC,102-02,35,36
PSC,260-01,35,15
PSC,300-01,35,34
PSC,309-01,35,7
PSC,332-01,10,10
PSC,420-01,20,14
PSC,462-01,20,10
PSC,480-01,20,10
PSC,484-01,20,9
PSC,520-01,10,4
PSC,562-01,10,7
PSC,580-01,10,8
PSC,695-01,1,1
PY,201-01,90,87
SFM,265-01,18,20
SFM,382-01,18,12
SFM,384-01,18,8
SFM,385-W01,18,16
SFM,443-01,18,4
SFM,472-01,18,11
SFM,491-01,6,1
SOC,100-01,55,54
SOC,100-02,55,55
SOC,103-01,55,55
SOC,103-02,55,55
SOC,302-01,25,20
SOC,303-01,40,30
SOC,304-01,20,6
SOC,340-01,30,29
SOC,350-W01,30,20
SOC,375-W01,15,17
SOC,382-01,30,26
SOC,495-01,10,5
SOC,495-02,10,15
SPA,526-01,12,5
SPA,623-01,12,9
SPA,624-01,12,8
SPA,627-01,0,0
SPA,629-01,12,3
SPA,631-01,12,6
SPA,689-01,12,7
SPA,689-02,10,4
SPA,689-03,6,1
SPA,699-01,3,2
SPA,699-02,3,0
SPA,699-03,1,1
SPA,699-04,1,0
SPA,699-05,1,0
SPA,699-06,1,0
SPA,699-07,2,1
SPA,699-08,2,0
SPA,699-09,2,0
SPA,699-10,2,1
SPA,699-11,3,1
SPA,699-12,2,0
SPA,699-13,2,0
SPA,741-01,12,4
SPA,771-01,12,1
SPA,796-01,11,8
SPA,799-01,6,5
SPA,799-02,2,1
SPA,799-03,4,3
SPA,799-04,2,0
SPA,799-05,2,0
SPA,799-06,2,0
SPA,799-07,2,2
SPA,799-08,2,1
SPA,799-09,2,1
SPA,799-10,2,1
SPA,799-12,2,0
SPA,799-13,1,0
SPA,799-14,2,0
SPA,799-15,2,0
SPA,799-16,2,0
SPA,799-17,2,1
SPA,799-18,1,0
SPA,799-19,3,2
SPA,799-20,3,2
SPA,799-21,2,1
SPA,799-22,2,1
SPA,799-23,2,1
SPA,799-24,2,0
SPA,799-26,2,0
SPA,799-27,6,0
SSC,000-01,0,0
SSC,000-01,0,0
SSC,000-02,0,0
SSC,000-02,0,0
SSC,000-03,0,0
SSC,000-03,0,0
SSC,000-03,0,0
SSC,000-04,0,0
SSC,000-04,0,0
SSC,000-05,0,0
SSC,000-05,0,0
SSC,000-06,0,0
SSC,000-06,0,0
SSC,000-06,0,0
SSC,000-07,0,0
SSC,000-07,0,0
SSC,000-07,0,0
SSC,000-08,0,0
SSC,000-08,0,0
SSC,000-08,0,0
SSC,000-09,0,0
SSC,000-09,0,0
SSC,000-10,0,0
SSC,000-10,0,0
SSC,000-11,0,0
SSC,000-11,0,0
SSC,000-11,0,0
SSC,000-12,0,0
SSC,000-12,0,0
SSC,000-12,0,0
SSC,000-13,0,0
SSC,000-13,0,0
SSC,000-14,0,0
SSC,000-14,0,0
SSC,000-14,0,0
SSC,000-15,0,0
SSC,000-15,0,0
SSC,000-16,0,0
SSC,000-16,0,0
SSC,000-17,0,0
SSC,000-17,0,0
SSC,000-18,0,0
SSC,000-18,0,0
SSC,000-19,0,0
SSC,000-19,0,0
SSC,000-19,0,0
SSC,000-20,0,0
SSC,000-20,0,0
SSC,000-20,0,0
SSC,000-21,0,0
SSC,000-21,0,0
SSC,000-21,0,0
SSC,000-22,0,0
SSC,000-22,0,0
SSC,000-22,0,0
SSC,000-23,0,0
SSC,000-23,0,0
SSC,000-24,0,0
SSC,000-24,0,0
SSC,000-25,0,0
SSC,000-25,0,0
SSC,000-25,0,0
SSC,000-26,0,0
SSC,000-26,0,0
SSC,000-27,0,0
SSC,000-27,0,0
SSC,000-27,0,0
SSC,000-28,0,0
SSC,000-28,0,0
SSC,000-29,0,0
SSC,000-29,0,0
SSC,000-30,0,0
SSC,000-30,0,0
SSC,000-30,0,0
SSC,000-31,0,0
SSC,000-31,0,0
SSC,000-32,0,0
SSC,000-32,0,0
SSC,000-32,0,0
SSC,000-33,0,0
SSC,000-33,0,0
SSC,000-33,0,0
SSC,000-34,0,0
SSC,000-34,0,0
SSC,000-34,0,0
SSC,000-34,0,0
SSC,000-35,0,0
SSC,000-35,0,0
SSC,000-35,0,0
TH,100-01,15,15
TH,122-01,50,50
TH,122-03,50,49
TH,221-01,15,14
TH,323-01,20,15
TH,340-01,5,1
TH,365-01,12,9
TH,400-01,5,1
TH,425-01,15,13
TH,431-01,10,5
WGS,200-W01,30,30
WLC,101F-01,25,13
WLC,101F-02,25,25
WLC,101G-01,25,22
WLC,101R-01,25,15
WLC,101S-01,25,23
WLC,101S-02,25,24
WLC,101S-03,25,18
WLC,101S-04,25,25
WLC,102F-01,15,7
WLC,102G-01,15,12
WLC,102G-02R,15,5
WLC,102J-01,25,13
WLC,102R-01,15,5
WLC,102S-01,25,23
WLC,102S-01R,5,4
WLC,201S-01,15,11
WLC,202G-01,10,6
WLC,202G-01R,10,0
WLC,202R-01,15,7
WLC,202S-01,15,7
WLC,202S-01R,5,5
WLC,302G-01,4,3
WLC,302R-01,15,4
WLC,303S-01,15,14
WLC,304S-01,15,11
WLC,305F-01,4,4
WLC,305G-01,15,4
WLC,404F-01,1,1
WLC,404R-01,1,1
WLC,404S-01,15,4
WLC,409-01,15,6
